Description,IOC's of Yalnluowang attacks,Note
sha256,a710f573f73c163d54c95b4175706329db3ed89cd9337c583d0bb24b6a384789,NetScan
sha256,2c2513e17a23676495f793584d7165900130ed4e8cccf72d9d20078e27770e04 ,Adfind
sha256,43f8a66d3f3f1ba574bc932a7bc8e5886fbeeab0b279d1dea654d7119e80a494,BazarLoader
sha256,9aa1f37517458d635eae4f9b43cb4770880ea0ee171e7e4ad155bbdee0cbe732,Veeamp
sha256,85fb8a930fa7f4c32c8af86aa204eb4ea4ae404e670a8be17e7ae0adf37a9e2e,GrabFF
sha256,e4942fde1cd7f2fcfb522090fd16298bce247295fe99182aecf7b10be3f5dc53,ConnectwiseInstaller
sha256,fe38912d64f6d196ac70673cd2edbdbc1a63e494a2d7903546a6d3afa39dc5c4,WmiExecAgent
sha256,c77ff8e3804414618abeae394d3003c4bb65a43d69c57c295f443aeb14eaa447 – NetScan,NetScan
sha256,2fc5bf9edcfa19d48e235315e8f571638c99a1220be867e24f3965328fe94a03 – Secretsdump,Secretsdump
sha256,4ff503258e23d609e0484ee5df70a1db080875272ab6b4db31463d93ebc3c6dd – GrabFile,GrabFile
sha256,1c543ea5c50ef8b0b42f835970fa5f553c2ae5c308d2692b51fb476173653cb3 – GrabChrome,GrabChrome
sha256,0b9219328ebf065db9b26c9a189d72c7d0d9c39eb35e9fd2a5fefa54a7f853e4 – OpenChromeDumps,OpenChromeDumps
sha256,b556d90b30f217d5ef20ebe3f15cce6382c4199e900b5ad2262a751909da1b34 – BrowserPassView,BrowserPassView
sha256,5e03cea2e3b875fdbf1c142b269470a9e728bcfba1f13f4644dcc06d10de8fb4 – ConHost,ConHost
sha256,49d828087ca77abc8d3ac2e4719719ca48578b265bbb632a1a7a36560ec47f2d – Yanluowang,Yanluowang
url,http://myeeducationplus.com,
ip,185.53.46.115,
url,https://myeeducationplus.com,